Type,SKU,Name,Published,Is featured?,Visibility in catalog,Short description,Description,Tax status,In stock?,Stock,Backorders allowed?,Sold individually?,Weight (kg),Allow customer reviews?,Sale price,Regular price,Categories,Tags,Images,Parent,Position,Attribute 1 name,Attribute 1 value(s),Attribute 1 visible,Attribute 1 global,Attribute 1 default,Meta: _yoast_wpseo_title,Meta: _yoast_wpseo_metadesc,Meta: _yoast_wpseo_focuskw
variable,OSN-2964595,Kaneki Hoodie,1,0,visible,"A Tokyo Ghoul-inspired pullover hoodie built around Kaneki's split human-ghoul stare, with Japanese kanji running the sleeves and a back-print profile. Brushed-fleece warmth, ribbed cuffs and a kangaroo pocket for everyday streetwear.","<p>The mask slips and the ghoul shows through. This Ken Kaneki hoodie pulls the most haunting frame in Tokyo Ghoul straight onto your chest: one calm human eye, one blood-red kakugan, framed in stark manga ink. Japanese kanji streaks down both sleeves while a brooding side-profile of Kaneki anchors the back print, so every angle reads loud and unmistakable.</p>
<p>Cut as an unisex streetwear pullover with a brushed-fleece interior, it keeps the warmth in and the silhouette clean. Choose your fabric weight and size, then build it into your everyday rotation. Fan-made and anime-inspired, not affiliated with or endorsed by the official Tokyo Ghoul license.</p>
<ul>
<li><strong>Character:</strong> Ken Kaneki, from Tokyo Ghoul</li>
<li><strong>Style:</strong> Pullover hoodie, unisex streetwear fit</li>
<li><strong>Print:</strong> Front dual-eye graphic, kanji sleeve print, back side-profile portrait</li>
<li><strong>Interior:</strong> Soft brushed-fleece lining for warmth</li>
<li><strong>Build:</strong> Ribbed cuffs and hem, front kangaroo pocket, drawstring hood</li>
<li><strong>Fabric options:</strong> Thick Cotton or Thick Polyester</li>
<li><strong>Sizes:</strong> L, XL, 2XL, 3XL</li>
<li><strong>Colour:</strong> Ink black</li>
<li><strong>Care:</strong> Machine wash cold, inside-out; do not iron directly over the print</li>
</ul>",taxable,1,800,0,0,,1,,,Apparel > Hoodies,"Kaneki hoodie, Tokyo Ghoul hoodie, Ken Kaneki, anime hoodie, Tokyo Ghoul merch, anime pullover hoodie, manga streetwear, otaku hoodie",,,0,Size & Material,"L-Thick Cotton, L-Thick Polyester, Xl-Thick Cotton, Xl-Thick Polyester, 2xl-Thick Cotton, 2xl-Thick Polyester, 3xl-Thick Cotton, 3xl-Thick Polyester",1,1,L-Thick Cotton,Kaneki Hoodie | Tokyo Ghoul Anime Pullover,"Tokyo Ghoul-inspired Ken Kaneki pullover hoodie with dual-eye front print, kanji sleeves and back portrait. Brushed fleece, sizes L-3XL. Ships from.",Kaneki hoodie
variation,OSN-2964595-LTHICKCOTTON,Kaneki Hoodie - L-Thick Cotton,1,0,visible,,,taxable,1,100,0,0,,0,,21000,,,,OSN-2964595,1,Size & Material,L-Thick Cotton,1,1,,,,
variation,OSN-2964595-LTHICKPOLYESTER,Kaneki Hoodie - L-Thick Polyester,1,0,visible,,,taxable,1,100,0,0,,0,,18500,,,,OSN-2964595,2,Size & Material,L-Thick Polyester,1,1,,,,
variation,OSN-2964595-XLTHICKCOTTON,Kaneki Hoodie - Xl-Thick Cotton,1,0,visible,,,taxable,1,100,0,0,,0,,21000,,,,OSN-2964595,3,Size & Material,Xl-Thick Cotton,1,1,,,,
variation,OSN-2964595-XLTHICKPOLYESTER,Kaneki Hoodie - Xl-Thick Polyester,1,0,visible,,,taxable,1,100,0,0,,0,,18500,,,,OSN-2964595,4,Size & Material,Xl-Thick Polyester,1,1,,,,
variation,OSN-2964595-2XLTHICKCOTTON,Kaneki Hoodie - 2xl-Thick Cotton,1,0,visible,,,taxable,1,100,0,0,,0,,21000,,,,OSN-2964595,5,Size & Material,2xl-Thick Cotton,1,1,,,,
variation,OSN-2964595-2XLTHICKPOLYESTER,Kaneki Hoodie - 2xl-Thick Polyester,1,0,visible,,,taxable,1,100,0,0,,0,,18500,,,,OSN-2964595,6,Size & Material,2xl-Thick Polyester,1,1,,,,
variation,OSN-2964595-3XLTHICKCOTTON,Kaneki Hoodie - 3xl-Thick Cotton,1,0,visible,,,taxable,1,100,0,0,,0,,21000,,,,OSN-2964595,7,Size & Material,3xl-Thick Cotton,1,1,,,,
variation,OSN-2964595-3XLTHICKPOLYESTER,Kaneki Hoodie - 3xl-Thick Polyester,1,0,visible,,,taxable,1,100,0,0,,0,,18500,,,,OSN-2964595,8,Size & Material,3xl-Thick Polyester,1,1,,,,
